,tconst
0,tt0046672
1,tt0106868
2,tt0058657
3,tt0043274
4,tt0417415
5,tt0055740
6,tt0381006
7,tt0082017
8,tt0043286
9,tt3089630
10,tt0054649
11,tt0168473
12,tt0034492
13,tt0066817
14,tt0092638
15,tt0055793
16,tt0062737
17,tt0109287
18,tt0055807
19,tt0075807
20,tt0069866
21,tt0062793
22,tt0997047
23,tt0082199
24,tt0109520
25,tt0116000
26,tt0052722
27,tt0049125
28,tt0047977
29,tt1714832
30,tt0099472
31,tt0058056
32,tt0120659
33,tt0072951
34,tt0116311
35,tt0060420
36,tt0113104
37,tt0076054
38,tt0039404
39,tt0385726
40,tt0054944
41,tt0074599
42,tt0110006
43,tt0080861
44,tt0076137
45,tt0071607
46,tt1556143
47,tt0116552
48,tt0107131
49,tt0077698
50,tt0396652
51,tt0056095
52,tt0110157
53,tt0050567
54,tt1229827
55,tt0053977
56,tt0053994
57,tt0065943
58,tt8096832
59,tt0070131
60,tt0986264
61,tt0060640
62,tt12801262
63,tt0038718
64,tt0113755
65,tt0040580
66,tt0081159
67,tt0041650
68,tt0057312
69,tt0061989
70,tt0056249
71,tt1198405
72,tt0118172
73,tt0117110
74,tt0206013
75,tt0068990
76,tt0063341
77,tt0086005
78,tt0055232
79,tt0074968
80,tt0069031
81,tt0050798
82,tt1621994
83,tt0070481
84,tt0089731
85,tt0075016
86,tt0114048
87,tt0054195
88,tt0064875
89,tt5109280
90,tt0078158
91,tt0095993
92,tt0075141
93,tt0046246
94,tt0070608
95,tt0120029
96,tt2414212
97,tt0057473
98,tt0067712
99,tt0049733
100,tt2064925
101,tt0065003
102,tt0069291
103,tt0041890
104,tt0057518
105,tt2948372
106,tt0069303
107,tt0057542
108,tt0070716
109,tt1705952
110,tt0054372
111,tt0084783
112,tt0059793
113,tt0120317
114,tt0061333
115,tt0041094
116,tt0047803
117,tt0072653
118,tt0066811
119,tt0071199
120,tt0032254
121,tt0068276
122,tt0065482
123,tt1015971
124,tt0092695
125,tt0071288
126,tt0077305
127,tt0090840
128,tt0065566
129,tt0902967
130,tt0082263
131,tt0196516
132,tt0060408
133,tt0058099
134,tt0061715
135,tt0049279
136,tt0082474
137,tt0061749
138,tt0063091
139,tt0057180
140,tt0071671
141,tt0089385
142,tt0056173
143,tt0051864
144,tt0076320
145,tt0048304
146,tt0046008
147,tt0064603
148,tt0076363
149,tt0066728
150,tt5372452
151,tt0058355
152,tt0059462
153,tt0058371
154,tt0079639
155,tt0063389
156,tt0055277
157,tt0120783
158,tt1059955
159,tt0034091
160,tt1346308
161,tt0496386
162,tt0075200
163,tt0053271
164,tt0054307
165,tt0045197
166,tt0073760
167,tt0046387
168,tt1686635
169,tt0038166
170,tt0057579
171,tt0061135
172,tt0047642
173,tt0081738
174,tt0067985
175,tt0070928
176,tt0318850
177,tt0053352
178,tt0059796
179,tt0054390
180,tt0112302
181,tt0052300
182,tt1247700
183,tt0043067
184,tt0075347
185,tt0081664
186,tt8097030
187,tt0467110
188,tt0080062
189,tt0075376
190,tt1159961
191,tt1223150
192,tt0049945
193,tt0072402
194,tt0192788
195,tt0185007
196,tt0111701
197,tt0052389
198,tt0103262
199,tt1222816
200,tt0324572
201,tt0206446
202,tt1605790
